INSERT INTO project (name, deadline, priority) VALUES ('Todo', '2022-01-01', 'LOW');
INSERT INTO project (name, deadline, priority) VALUES ('NewPrj', '2022-02-01', 'MEDIUM');
INSERT INTO todo (headline, description, status, project_id, deadline, priority) VALUES ('Test Task 1', 'We have to do this task right now 1', 'FINISHED', 1, '2021-03-21', 'LOW');
INSERT INTO todo (headline, description, status, project_id, deadline, priority) VALUES ('Test Task 2', 'We have to do this task right now 2', 'WAITING', 1, '2021-04-04', 'URGENT');
INSERT INTO todo (headline, description, status, project_id, deadline, priority) VALUES ('Initial Task', 'We have to find new project', 'WAITING', 2, '2021-05-15', 'HIGH');

INSERT INTO privilege (name, id) VALUES ('DELETE_TODO', 1);
INSERT INTO privilege (name, id) VALUES ('EDIT_TODO', 2);
INSERT INTO privilege (name, id) VALUES ('CREATE_TODO', 3);
INSERT INTO privilege (name, id) VALUES ('ASSIGN_USER', 4);
INSERT INTO privilege (name, id) VALUES ('FINISH_TODO', 5);
INSERT INTO privilege (name, id) VALUES ('DELETE_PROJECT', 6);
INSERT INTO privilege (name, id) VALUES ('EDIT_PROJECT', 7);
INSERT INTO privilege (name, id) VALUES ('CREATE_PROJECT', 8);
INSERT INTO privilege (name, id) VALUES ('EDIT_COMMENT', 9);
INSERT INTO role (name, id) VALUES ('ROLE_ADMIN', 1);
INSERT INTO role (name, id) VALUES ('ROLE_SUPERVISOR', 2);
INSERT INTO role (name, id) VALUES ('ROLE_LEAD', 3);
INSERT INTO role (name, id) VALUES ('ROLE_USER', 4);
INSERT INTO user (id, username, password, email, enabled) VALUES (1,'admin','$2a$10$fC5DugP7AHdhI7yxvQcZnOrpZLu.fYv1gIl0qNid3aXG4Z7porzrm', 'admin@gg.com', TRUE);
INSERT INTO user (id, username, password, email, enabled) VALUES (2,'asd','$2a$10$RE2ifF325M8iTVdjdxn1RebS3VmUqmyoyNz0DDMrsE4cHJrGXkOCe', 'asd@gg.com', TRUE);
INSERT INTO user (id, username, password, email, enabled) VALUES (3,'lead','$2a$10$RE2ifF325M8iTVdjdxn1RebS3VmUqmyoyNz0DDMrsE4cHJrGXkOCe', 'lead@gg.com', TRUE);
INSERT INTO user (id, username, password, email, enabled) VALUES (4,'user','$2a$10$RE2ifF325M8iTVdjdxn1RebS3VmUqmyoyNz0DDMrsE4cHJrGXkOCe', 'user@gg.com', TRUE);
INSERT INTO users_roles (user_id, role_id) VALUES (1, 1);
INSERT INTO users_roles (user_id, role_id) VALUES (2, 2);
INSERT INTO users_roles (user_id, role_id) VALUES (3, 3);
INSERT INTO users_roles (user_id, role_id) VALUES (4, 4);
INSERT INTO roles_privileges (role_id, privilege_id) VALUES (1, 1);
INSERT INTO roles_privileges (role_id, privilege_id) VALUES (1, 2);
INSERT INTO roles_privileges (role_id, privilege_id) VALUES (1, 3);
INSERT INTO roles_privileges (role_id, privilege_id) VALUES (1, 4);
INSERT INTO roles_privileges (role_id, privilege_id) VALUES (1, 5);
INSERT INTO roles_privileges (role_id, privilege_id) VALUES (1, 6);
INSERT INTO roles_privileges (role_id, privilege_id) VALUES (1, 7);
INSERT INTO roles_privileges (role_id, privilege_id) VALUES (1, 8);
INSERT INTO roles_privileges (role_id, privilege_id) VALUES (1, 9);
INSERT INTO roles_privileges (role_id, privilege_id) VALUES (2, 2);
INSERT INTO roles_privileges (role_id, privilege_id) VALUES (2, 3);
INSERT INTO roles_privileges (role_id, privilege_id) VALUES (2, 4);
INSERT INTO roles_privileges (role_id, privilege_id) VALUES (2, 7);
INSERT INTO roles_privileges (role_id, privilege_id) VALUES (2, 8);
INSERT INTO roles_privileges (role_id, privilege_id) VALUES (2, 9);
INSERT INTO roles_privileges (role_id, privilege_id) VALUES (3, 2);
INSERT INTO roles_privileges (role_id, privilege_id) VALUES (3, 4);
INSERT INTO roles_privileges (role_id, privilege_id) VALUES (3, 7);

INSERT INTO comment (todo_id, user_id, comment) VALUES (1, 1, 'Test Comment 1');
INSERT INTO comment (todo_id, user_id, comment) VALUES (2, 2, 'Test Comment 2');